{
  "TTToSemiLeptonic": 364.31,
  "TTToHadronic": 380.11,
  "TTTo2L2Nu": 87.33,
  "WJetsToLNu_HT-70To100": 1271.0,
  "WJetsToLNu_HT-100To200": 1253.0,
  "WJetsToLNu_HT-200To400": 335.9,
  "WJetsToLNu_HT-400To600": 45.21,
  "WJetsToLNu_HT-600To800": 10.99,
  "WJetsToLNu_HT-800To1200": 4.936,
  "WJetsToLNu_HT-1200To2500": 1.156,
  "WJetsToLNu_HT-2500ToInf": 0.02623,
  "DYJetsToLL_M-50_HT-70to100": 140.1,
  "DYJetsToLL_M-50_HT-100to200": 140.2,
  "DYJetsToLL_M-50_HT-200to400": 38.399,
  "DYJetsToLL_M-50_HT-400to600": 5.21278,
  "DYJetsToLL_M-50_HT-600to800": 1.26567,
  "DYJetsToLL_M-50_HT-800to1200": 0.5684304,
  "DYJetsToLL_M-50_HT-1200to2500": 0.1331514,
  "DYJetsToLL_M-50_HT-2500toInf": 0.00297803565,
  "WW": 118.7,
  "WZ": 46.74,
  "ZZ": 16.91,
  "ST_s-channel_4f": 3.36432,
  "ST_t-channel_top_4f": 136.02,
  "ST_t-channel_antitop_4f": 80.95,
  "ST_tW_top_5f": 19.46655,
  "ST_tW_antitop_5f": 19.46655,
  "QCD_HT50to100": 185900000.0,
  "QCD_HT100to200": 23610000.0,
  "QCD_HT200to300": 1551000.0,
  "QCD_HT300to500": 324300.0,
  "QCD_HT500to700": 30340.0,
  "QCD_HT700to1000": 6440.0,
  "QCD_HT1000to1500": 1118.0,
  "QCD_HT1500to2000": 108.0,
  "QCD_HT2000toInf": 22.0,
  "ZPrimeToTT_M400_W40": 2.448,
  "ZPrimeToTT_M500_W50": 2.442,
  "ZPrimeToTT_M600_W60": 1.736,
  "ZPrimeToTT_M700_W70": 1.159,
  "ZPrimeToTT_M800_W80": 0.7745,
  "ZPrimeToTT_M900_W90": 0.5253,
  "ZPrimeToTT_M1000_W100": 0.3622,
  "ZPrimeToTT_M1200_W120": 0.1821,
  "ZPrimeToTT_M1400_W140": 0.09683,
  "ZPrimeToTT_M1600_W160": 0.05402,
  "ZPrimeToTT_M1800_W180": 0.03153,
  "ZPrimeToTT_M2000_W200": 0.01895,
  "ZPrimeToTT_M2500_W250": 0.005914,
  "ZPrimeToTT_M3000_W300": 0.002112,
  "ZPrimeToTT_M3500_W350": 0.0008526,
  "ZPrimeToTT_M4000_W400": 0.0003889,
  "ZPrimeToTT_M4500_W450": 0.0001967,
  "ZPrimeToTT_M5000_W500": 0.0001082,
  "ZPrimeToTT_M6000_W600": 4.159e-05,
  "ZPrimeToTT_M7000_W700": 1.933e-05,
  "ZPrimeToTT_M8000_W800": 1.051e-05,
  "ZPrimeToTT_M9000_W900": 6.295e-06,
  "ZPrimeToTT_M400_W120": 0.7349,
  "ZPrimeToTT_M500_W150": 0.6736,
  "ZPrimeToTT_M600_W180": 0.4839,
  "ZPrimeToTT_M700_W210": 0.329,
  "ZPrimeToTT_M800_W240": 0.2239,
  "ZPrimeToTT_M900_W270": 0.1542,
  "ZPrimeToTT_M1000_W300": 0.1081,
  "ZPrimeToTT_M1200_W360": 0.05606,
  "ZPrimeToTT_M1400_W420": 0.03079,
  "ZPrimeToTT_M1600_W480": 0.01783,
  "ZPrimeToTT_M1800_W540": 0.01073,
  "ZPrimeToTT_M2000_W600": 0.006689,
  "ZPrimeToTT_M2500_W750": 0.002338,
  "ZPrimeToTT_M3000_W900": 0.0009523,
  "ZPrimeToTT_M3500_W1050": 0.0004395,
  "ZPrimeToTT_M4000_W1200": 0.0002273,
  "ZPrimeToTT_M4500_W1350": 0.0001277,
  "ZPrimeToTT_M5000_W1500": 7.688e-05,
  "ZPrimeToTT_M6000_W1800": 3.302e-05,
  "ZPrimeToTT_M7000_W2100": 1.676e-05,
  "ZPrimeToTT_M8000_W2400": 9.521e-06,
  "ZPrimeToTT_M9000_W2700": 5.782e-06,
  "SingleMuonRunA": null,
  "SingleMuonRunB": null,
  "SingleMuonRunC": null,
  "SingleMuonRunD": null,
  "EGammaRunA": null,
  "EGammaRunB": null,
  "EGammaRunC": null,
  "EGammaRunD": null
}